ID|Title|Description|Publish date, time|Channel|Website link|Categories|Models|Duration|Embed code|Main thumbnail|Preview URL
10237345|21 SEXTURY - Seductive Anal Queens Take Turns Taking A Thick Cock Up The Ass|OMG! Amirah Adara and Alexis Crystal can't believe how thick Ian Scott's cock is...if only they got to put it up their ass!|2021-09-06 00:06:24|21sextury.com|https://videohotmovs.com/videos/10237345/21-sextury-seductive-anal-queens-take-turns-taking-a-thick-cock-up-the-ass/|Anal,Babe,Big Ass,Blowjob,Lingerie,Threesome||774|<iframe width="640" height="360" src="https://videohotmovs.com/embed/10237345/" frameborder="0" allowfullscreen webkitallowfullscreen mozallowfullscreen oallowfullscreen msallowfullscreen></iframe>|https://tn.hotmovs.com/contents/videos_screenshots/10237000/10237345/268x200/10.jpg|https://vp2.txxx.com/c12/videos/17591000/17591957/17591957_tr.mp4
10237343|Bigtit euro pulled and pounded from behind outdoors|Bigtit euro pulled and pounded from behind outdoors|2021-09-06 00:22:30|fakehub.com|https://videohotmovs.com/videos/10237343/bigtit-euro-pulled-and-pounded-from-behind-outdoors/|Babe,Big Tits,Doggystyle,Outdoor,Public,Tattoo||480|<iframe width="640" height="360" src="https://videohotmovs.com/embed/10237343/" frameborder="0" allowfullscreen webkitallowfullscreen mozallowfullscreen oallowfullscreen msallowfullscreen></iframe>|https://tn.hotmovs.com/contents/videos_screenshots/10237000/10237343/268x200/10.jpg|https://vp2.txxx.com/c12/videos/17591000/17591965/17591965_tr.mp4
10237341|ADULT TIME - Kuleana Wants Every Inch Of Her BFF's Husband's Cock|What would do you do if you had the opportunity to fuck your best friend's husband? Let's see how well Kuleana handles Scotty P's cock...|2021-09-06 00:26:05|adulttime.com|https://videohotmovs.com/videos/10237341/adult-time-kuleana-wants-every-inch-of-her-bff-s-husband-s-cock/|Babe,Big Ass,Big Tits,Doggystyle,Interracial,Swingers||728|<iframe width="640" height="360" src="https://videohotmovs.com/embed/10237341/" frameborder="0" allowfullscreen webkitallowfullscreen mozallowfullscreen oallowfullscreen msallowfullscreen></iframe>|https://tn.hotmovs.com/contents/videos_screenshots/10237000/10237341/268x200/10.jpg|https://vp2.txxx.com/c12/videos/17591000/17591967/17591967_tr.mp4
10237339|Costume Party Ebony Lesbians Playing Wet pussy Police|After a long night at a costume party these two friends went home together. Wet and horny they started experimenting and feeling each other up. For more visit AFRICANLESBIAN|2021-09-06 00:29:22|africanlesbians.com|https://videohotmovs.com/videos/10237339/costume-party-ebony-lesbians-playing-wet-pussy-police/|Amateur,Cosplay,Ebony,Lesbian||182|<iframe width="640" height="360" src="https://videohotmovs.com/embed/10237339/" frameborder="0" allowfullscreen webkitallowfullscreen mozallowfullscreen oallowfullscreen msallowfullscreen></iframe>|https://tn.hotmovs.com/contents/videos_screenshots/10237000/10237339/268x200/10.jpg|https://vp2.txxx.com/c12/videos/17591000/17591969/17591969_tr.mp4
10237337|ADULT TIME - Naughty Blonde Colombiana Veronica Leal Wants To Be Assfucked Outside|Veronica Leal, Kristof Cale, and anal by the golf course go together like cock and pussy! Watch Veronica tempt Kristof into some crazy anal sex...|2021-09-06 00:35:21|adulttime.com|https://videohotmovs.com/videos/10237337/adult-time-naughty-blonde-colombiana-veronica-leal-wants-to-be-assfucked-outside/|Anal,Babe,Deepthroat,Hardcore,Interracial,Latina||612|<iframe width="640" height="360" src="https://videohotmovs.com/embed/10237337/" frameborder="0" allowfullscreen webkitallowfullscreen mozallowfullscreen oallowfullscreen msallowfullscreen></iframe>|https://tn.hotmovs.com/contents/videos_screenshots/10237000/10237337/268x200/10.jpg|https://vp2.txxx.com/c12/videos/17591000/17591971/17591971_tr.mp4
10237335|Sexy European milf Paige Ashley dresses up as naughty girl scout|Sexy European milf Paige Ashley dresses up as naughty girl scout for some roll playing with her new boyfriend.|2021-09-06 00:44:24|paigeashley.com|https://videohotmovs.com/videos/10237335/sexy-european-milf-paige-ashley-dresses-up-as-naughty-girl-scout/|Big Nipples,Big Tits,Blonde,Blowjob,British,Close-up,Doggystyle,European,Shaved,Stockings||483|<iframe width="640" height="360" src="https://videohotmovs.com/embed/10237335/" frameborder="0" allowfullscreen webkitallowfullscreen mozallowfullscreen oallowfullscreen msallowfullscreen></iframe>|https://tn.hotmovs.com/contents/videos_screenshots/10237000/10237335/268x200/10.jpg|https://vp2.txxx.com/c12/videos/17591000/17591973/17591973_tr.mp4
10237333|GIRLSWAY Kenna James' Blind Date Went Hard And Wet|Besties Kenna James and Bella Rolland go wild during a blind date.|2021-09-06 00:46:08|girlsway.com|https://videohotmovs.com/videos/10237333/girlsway-kenna-james-blind-date-went-hard-and-wet/|Big Tits,Face Sitting,Fingering,Hardcore,Lesbian||782|<iframe width="640" height="360" src="https://videohotmovs.com/embed/10237333/" frameborder="0" allowfullscreen webkitallowfullscreen mozallowfullscreen oallowfullscreen msallowfullscreen></iframe>|https://tn.hotmovs.com/contents/videos_screenshots/10237000/10237333/268x200/10.jpg|https://vp2.txxx.com/c12/videos/17591000/17591977/17591977_tr.mp4
10236885|Glamorous cfnm femdoms tugging subjects in kinky group|Glamorous cfnm femdoms tugging subjects in kinky group|2021-09-05 20:46:02|purecfnm.com|https://videohotmovs.com/videos/10236885/glamorous-cfnm-femdoms-tugging-subjects-in-kinky-group/|Babe,British,CFNM,Femdom,Group Sex,Lingerie||300|<iframe width="640" height="360" src="https://videohotmovs.com/embed/10236885/" frameborder="0" allowfullscreen webkitallowfullscreen mozallowfullscreen oallowfullscreen msallowfullscreen></iframe>|https://tn.hotmovs.com/contents/videos_screenshots/10236000/10236885/268x200/10.jpg|https://vp2.txxx.com/c12/videos/17591000/17591925/17591925_tr.mp4
10236773|Hairy Japanese MILF raw sex in cabin with BTS footage|Hairy Japanese MILF has raw sex from various angles in a log cabin featuring BTS footage of them doing it while her best friend watches and even helps out with English subtitles|2021-09-05 20:26:01|zenra.net|https://videohotmovs.com/videos/10236773/hairy-japanese-milf-raw-sex-in-cabin-with-bts-footage/|Asian,Behind The Scenes,Cowgirl,Doggystyle,Hairy,Japanese,JAV Censored,MILF,Threesome||343|<iframe width="640" height="360" src="https://videohotmovs.com/embed/10236773/" frameborder="0" allowfullscreen webkitallowfullscreen mozallowfullscreen oallowfullscreen msallowfullscreen></iframe>|https://tn.hotmovs.com/contents/videos_screenshots/10236000/10236773/268x200/10.jpg|https://vp2.txxx.com/c12/videos/17591000/17591923/17591923_tr.mp4
10236667|Busty milf dyke seduces and rims lingerie girlfriend|Busty milf dyke seduces and rims lingerie girlfriend|2021-09-05 18:44:04|addicted2girls.com|https://videohotmovs.com/videos/10236667/busty-milf-dyke-seduces-and-rims-lingerie-girlfriend/|Big Tits,Lesbian,Lingerie,MILF,Tattoo||375|<iframe width="640" height="360" src="https://videohotmovs.com/embed/10236667/" frameborder="0" allowfullscreen webkitallowfullscreen mozallowfullscreen oallowfullscreen msallowfullscreen></iframe>|https://tn.hotmovs.com/contents/videos_screenshots/10236000/10236667/268x200/10.jpg|https://vp2.txxx.com/c12/videos/17591000/17591905/17591905_tr.mp4
10236665|DOWN FOR BBC: Raven Bay pussy stretched to the max BBC|Raven Bay cute college girl meets new stepbrother Isiah Maxwell, and shows she is down for big black cocks. BBC loving hottie.|2021-09-05 19:09:55|downforbbc.com|https://videohotmovs.com/videos/10236665/down-for-bbc-raven-bay-pussy-stretched-to-the-max-bbc/|Babe,Big Cock,Blowjob,Brunette,Deepthroat,High Heels,Interracial,POV,Shaved,Small Tits||600|<iframe width="640" height="360" src="https://videohotmovs.com/embed/10236665/" frameborder="0" allowfullscreen webkitallowfullscreen mozallowfullscreen oallowfullscreen msallowfullscreen></iframe>|https://tn.hotmovs.com/contents/videos_screenshots/10236000/10236665/268x200/10.jpg|https://vp2.txxx.com/c12/videos/17591000/17591911/17591911_tr.mp4
10236579|Fingers In My Pussy and Squirt|I enjoy role playing I can be whoever you want. turns on Being watched, watching making you cum hard You|2021-09-05 18:09:28|cam4free.com|https://videohotmovs.com/videos/10236579/fingers-in-my-pussy-and-squirt/|Big Nipples,Fuck Machine,Toys||608|<iframe width="640" height="360" src="https://videohotmovs.com/embed/10236579/" frameborder="0" allowfullscreen webkitallowfullscreen mozallowfullscreen oallowfullscreen msallowfullscreen></iframe>|https://tn.hotmovs.com/contents/videos_screenshots/10236000/10236579/268x200/10.jpg|https://vp2.txxx.com/c12/videos/17591000/17591897/17591897_tr.mp4
10236187|Foot model fucks in erotic lingerie before cum covered|Foot model fucks in erotic lingerie before cum covered|2021-09-05 14:00:23|adulttime.com|https://videohotmovs.com/videos/10236187/foot-model-fucks-in-erotic-lingerie-before-cum-covered/|Babe,Cumshot,Foot Fetish,Lingerie||375|<iframe width="640" height="360" src="https://videohotmovs.com/embed/10236187/" frameborder="0" allowfullscreen webkitallowfullscreen mozallowfullscreen oallowfullscreen msallowfullscreen></iframe>|https://tn.hotmovs.com/contents/videos_screenshots/10236000/10236187/268x200/10.jpg|https://vp2.txxx.com/c12/videos/17591000/17591609/17591609_tr.mp4
10236185|Austin Kincaid busty wife can not stop fucking Barrett Blade|Austin Kincaid needs some discipline from bad stepdaddy Barrett Blade. Her big tits too much to resist for this badboy!|2021-09-05 14:59:04|clubaustinkincaid.com|https://videohotmovs.com/videos/10236185/austin-kincaid-busty-wife-can-not-stop-fucking-barrett-blade/|Babe,Big Ass,Big Cock,Big Tits,Brunette,Doggystyle,Fingering,Hardcore,MILF,Wife||480|<iframe width="640" height="360" src="https://videohotmovs.com/embed/10236185/" frameborder="0" allowfullscreen webkitallowfullscreen mozallowfullscreen oallowfullscreen msallowfullscreen></iframe>|https://tn.hotmovs.com/contents/videos_screenshots/10236000/10236185/268x200/10.jpg|https://vp2.txxx.com/c12/videos/17591000/17591623/17591623_tr.mp4
10235795|Hairy Asian moans loudly while I fuck her|Asian MILF next door always wanted to feel my cock inside of her.|2021-09-05 09:51:10|lovehomeporn.com|https://videohotmovs.com/videos/10235795/hairy-asian-moans-loudly-while-i-fuck-her/|Amateur,Big Tits,Brunette,Chinese,Cowgirl,Doggystyle,Hairy,Hardcore,Mature,MILF||2457|<iframe width="640" height="360" src="https://videohotmovs.com/embed/10235795/" frameborder="0" allowfullscreen webkitallowfullscreen mozallowfullscreen oallowfullscreen msallowfullscreen></iframe>|https://tn.hotmovs.com/contents/videos_screenshots/10235000/10235795/268x200/10.jpg|https://vp2.txxx.com/c12/videos/17591000/17591539/17591539_tr.mp4
10235791|Petite british joi voyeur teases jerker in kinky session|Petite british joi voyeur teases jerker in kinky session|2021-09-05 10:08:54|ladyvoyeurs.com|https://videohotmovs.com/videos/10235791/petite-british-joi-voyeur-teases-jerker-in-kinky-session/|Babe,British,Brunette,CFNM,High Heels,Voyeur||300|<iframe width="640" height="360" src="https://videohotmovs.com/embed/10235791/" frameborder="0" allowfullscreen webkitallowfullscreen mozallowfullscreen oallowfullscreen msallowfullscreen></iframe>|https://tn.hotmovs.com/contents/videos_screenshots/10235000/10235791/268x200/10.jpg|https://vp2.txxx.com/c12/videos/17591000/17591549/17591549_tr.mp4
10235687|Hairy beauty masturbates while I am recording|I thought she would mind, but my girlfriend is kinkier than I thought.|2021-09-05 10:29:13|lovehomeporn.com|https://videohotmovs.com/videos/10235687/hairy-beauty-masturbates-while-i-am-recording/|Amateur,Brunette,Female Orgasm,Fingering,Hairy,Masturbation,Small Tits,Solo Female||853|<iframe width="640" height="360" src="https://videohotmovs.com/embed/10235687/" frameborder="0" allowfullscreen webkitallowfullscreen mozallowfullscreen oallowfullscreen msallowfullscreen></iframe>|https://tn.hotmovs.com/contents/videos_screenshots/10235000/10235687/268x200/10.jpg|https://vp2.txxx.com/c12/videos/17591000/17591557/17591557_tr.mp4
10235589|German amateur anal creampie gangbang Party|Wusstest du das du bei *** kostenfrei 100 prozent private Frauen aus deiner Naehe anzeigen lassen kannst die auf der Suche nach ECHTEN SEXTREFFEN sind ?|2021-09-05 09:51:29|erotik-von-nebenan.com|https://videohotmovs.com/videos/10235589/german-amateur-anal-creampie-gangbang-party/|Amateur,Anal,Creampie,Gangbang,German,Teens||806|<iframe width="640" height="360" src="https://videohotmovs.com/embed/10235589/" frameborder="0" allowfullscreen webkitallowfullscreen mozallowfullscreen oallowfullscreen msallowfullscreen></iframe>|https://tn.hotmovs.com/contents/videos_screenshots/10235000/10235589/268x200/10.jpg|https://vp2.txxx.com/c12/videos/17591000/17591541/17591541_tr.mp4
10235587|Busty pornstar gets pussy ravaged|Bukkake fetish busty pornstar gets pussy ravaged doggystyle after pick up|2021-09-05 10:03:06|fuckedupgfs.com|https://videohotmovs.com/videos/10235587/busty-pornstar-gets-pussy-ravaged/|Big Tits,Bukkake,Cumshot,Doggystyle,Fetish,Pornstar||360|<iframe width="640" height="360" src="https://videohotmovs.com/embed/10235587/" frameborder="0" allowfullscreen webkitallowfullscreen mozallowfullscreen oallowfullscreen msallowfullscreen></iframe>|https://tn.hotmovs.com/contents/videos_screenshots/10235000/10235587/268x200/10.jpg|https://vp2.txxx.com/c12/videos/17591000/17591543/17591543_tr.mp4
10235585|Black guy fucks hard a hot tight horny busty slut in the basement|Super red-haired sexy college girl has anal fuck with a black big cock|2021-09-05 10:06:49|3dxpassion.com|https://videohotmovs.com/videos/10235585/black-guy-fucks-hard-a-hot-tight-horny-busty-slut-in-the-basement/|Anal,Big Cock,Cartoon,Creampie,Deepthroat,Doggystyle,Hardcore,Red Head,Slave,Teens||611|<iframe width="640" height="360" src="https://videohotmovs.com/embed/10235585/" frameborder="0" allowfullscreen webkitallowfullscreen mozallowfullscreen oallowfullscreen msallowfullscreen></iframe>|https://tn.hotmovs.com/contents/videos_screenshots/10235000/10235585/268x200/10.jpg|https://vp2.txxx.com/c12/videos/17591000/17591547/17591547_tr.mp4
10235457|Bigtit babes suck off and share big dong in the shop trio|Bigtit babes suck off salesman and share his big dong in all angles during threesome action in the shop|2021-09-05 08:40:29|mofosnetwork.com|https://videohotmovs.com/videos/10235457/bigtit-babes-suck-off-and-share-big-dong-in-the-shop-trio/|Babe,Big Cock,Big Tits,Brunette,Doggystyle,Threesome||480|<iframe width="640" height="360" src="https://videohotmovs.com/embed/10235457/" frameborder="0" allowfullscreen webkitallowfullscreen mozallowfullscreen oallowfullscreen msallowfullscreen></iframe>|https://tn.hotmovs.com/contents/videos_screenshots/10235000/10235457/268x200/10.jpg|https://vp2.txxx.com/c12/videos/17591000/17591525/17591525_tr.mp4
10235343|Chubby teen poses outdoors for cam photoshoot|Cute chubby teen with big tittys poses outdoors for cam photoshoot|2021-09-05 07:33:12|premiumgfs.com|https://videohotmovs.com/videos/10235343/chubby-teen-poses-outdoors-for-cam-photoshoot/|Behind The Scenes,Big Tits,Brunette,Teens||360|<iframe width="640" height="360" src="https://videohotmovs.com/embed/10235343/" frameborder="0" allowfullscreen webkitallowfullscreen mozallowfullscreen oallowfullscreen msallowfullscreen></iframe>|https://tn.hotmovs.com/contents/videos_screenshots/10235000/10235343/268x200/10.jpg|https://vp2.txxx.com/c12/videos/17591000/17591511/17591511_tr.mp4
10235341|Wrestling lesbians dominates black sub during battle|Wrestling lesbians dominates black sub during battle|2021-09-05 07:40:58|ultimatesurrender.com|https://videohotmovs.com/videos/10235341/wrestling-lesbians-dominates-black-sub-during-battle/|BDSM,Big Tits,Face Sitting,Lesbian,Nipples,Tattoo||361|<iframe width="640" height="360" src="https://videohotmovs.com/embed/10235341/" frameborder="0" allowfullscreen webkitallowfullscreen mozallowfullscreen oallowfullscreen msallowfullscreen></iframe>|https://tn.hotmovs.com/contents/videos_screenshots/10235000/10235341/268x200/10.jpg|https://vp2.txxx.com/c12/videos/17591000/17591513/17591513_tr.mp4
10235339|Cute blonde teasing camera in photoshoot|Petite cute teen blonde teasing camera in photoshoot as she does a striptease|2021-09-05 08:08:35|premiumgfs.com|https://videohotmovs.com/videos/10235339/cute-blonde-teasing-camera-in-photoshoot/|Small Tits,Striptease,Teens||360|<iframe width="640" height="360" src="https://videohotmovs.com/embed/10235339/" frameborder="0" allowfullscreen webkitallowfullscreen mozallowfullscreen oallowfullscreen msallowfullscreen></iframe>|https://tn.hotmovs.com/contents/videos_screenshots/10235000/10235339/268x200/10.jpg|https://vp2.txxx.com/c12/videos/17591000/17591521/17591521_tr.mp4
10235257|Student driver publicly blows instructor before fucking|Student driver publicly blows instructor before fucking|2021-09-05 06:18:01|fakehub.com|https://videohotmovs.com/videos/10235257/student-driver-publicly-blows-instructor-before-fucking/|Babe,Car,European,Lingerie,Public,Stockings||481|<iframe width="640" height="360" src="https://videohotmovs.com/embed/10235257/" frameborder="0" allowfullscreen webkitallowfullscreen mozallowfullscreen oallowfullscreen msallowfullscreen></iframe>|https://tn.hotmovs.com/contents/videos_screenshots/10235000/10235257/268x200/10.jpg|https://vp2.txxx.com/c12/videos/17591000/17591499/17591499_tr.mp4
10235231|Gaping lesbians splitting ass with toy in threesome|Gaping lesbians splitting ass with toy in threesome|2021-09-05 07:10:53|everythingbutt.com|https://videohotmovs.com/videos/10235231/gaping-lesbians-splitting-ass-with-toy-in-threesome/|BDSM,Big Ass,Fetish,Lesbian,Threesome,Toys||361|<iframe width="640" height="360" src="https://videohotmovs.com/embed/10235231/" frameborder="0" allowfullscreen webkitallowfullscreen mozallowfullscreen oallowfullscreen msallowfullscreen></iframe>|https://tn.hotmovs.com/contents/videos_screenshots/10235000/10235231/268x200/10.jpg|https://vp2.txxx.com/c12/videos/17591000/17591507/17591507_tr.mp4
10235153|Sexy Shemale Masturbating her Cock|Watch this hot shemale jacking off her hard cock Showing cock and ass and passionately masturbating her cock Watch this hot shemale jacking off her hard cock She will really give you a nice erection|2021-09-05 05:29:43|shecams.com|https://videohotmovs.com/videos/10235153/sexy-shemale-masturbating-her-cock/|Shemale Masturbation,Shemale Solo Shemale,Shemale Webcam||635|<iframe width="640" height="360" src="https://videohotmovs.com/embed/10235153/" frameborder="0" allowfullscreen webkitallowfullscreen mozallowfullscreen oallowfullscreen msallowfullscreen></iframe>|https://tn.hotmovs.com/contents/videos_screenshots/10235000/10235153/268x200/10.jpg|https://vp2.txxx.com/c12/videos/17591000/17591493/17591493_tr.mp4
10235035|Petite teen stripteasing and showing off|Pigtailed petite teen stripteasing and showing off her tits for photoshoot|2021-09-05 05:02:31|premiumgfs.com|https://videohotmovs.com/videos/10235035/petite-teen-stripteasing-and-showing-off/|Behind The Scenes,Striptease,Teens||360|<iframe width="640" height="360" src="https://videohotmovs.com/embed/10235035/" frameborder="0" allowfullscreen webkitallowfullscreen mozallowfullscreen oallowfullscreen msallowfullscreen></iframe>|https://tn.hotmovs.com/contents/videos_screenshots/10235000/10235035/268x200/10.jpg|https://vp2.txxx.com/c12/videos/17591000/17591489/17591489_tr.mp4
10235029|Sapphic lesbians scissoring and squirting in erotic duo|Sapphic lesbians scissoring and squirting in erotic duo|2021-09-05 05:13:39|girlsway.com|https://videohotmovs.com/videos/10235029/sapphic-lesbians-scissoring-and-squirting-in-erotic-duo/|Babe,Couple,Fingering,Lesbian,Squirt||480|<iframe width="640" height="360" src="https://videohotmovs.com/embed/10235029/" frameborder="0" allowfullscreen webkitallowfullscreen mozallowfullscreen oallowfullscreen msallowfullscreen></iframe>|https://tn.hotmovs.com/contents/videos_screenshots/10235000/10235029/268x200/10.jpg|https://vp2.txxx.com/c12/videos/17591000/17591491/17591491_tr.mp4
10234927|Petite 19yo Fucked in Rough Wrestling by Angry Landlord|This petite 19yo teen got her guts fucked to pieces by her angry land lord. She never thought paying rent to late would end her up like this. For more visit RIPHERUP|2021-09-05 02:13:11|ripherup.com|https://videohotmovs.com/videos/10234927/petite-19yo-fucked-in-rough-wrestling-by-angry-landlord/|Anal,Brunette,CFNM,Doggystyle,European,Hardcore||301|<iframe width="640" height="360" src="https://videohotmovs.com/embed/10234927/" frameborder="0" allowfullscreen webkitallowfullscreen mozallowfullscreen oallowfullscreen msallowfullscreen></iframe>|https://tn.hotmovs.com/contents/videos_screenshots/10234000/10234927/268x200/10.jpg|https://vp2.txxx.com/c12/videos/17591000/17591455/17591455_tr.mp4
10234925|Lulu Chu's Tight Pussy Belongs To Her Cheerleader Captain|Harmony Rivers gives a hard time to her cheerleading subordinate LuLu Chu.|2021-09-05 03:21:36|webyoung.com|https://videohotmovs.com/videos/10234925/lulu-chu-s-tight-pussy-belongs-to-her-cheerleader-captain/|Cheerleader,Fingering,Interracial,Lesbian,Teens||774|<iframe width="640" height="360" src="https://videohotmovs.com/embed/10234925/" frameborder="0" allowfullscreen webkitallowfullscreen mozallowfullscreen oallowfullscreen msallowfullscreen></iframe>|https://tn.hotmovs.com/contents/videos_screenshots/10234000/10234925/268x200/10.jpg|https://vp2.txxx.com/c12/videos/17591000/17591473/17591473_tr.mp4
10234923|FootsieBabes Marie McCray's Man Would Do Anything For A Footjob|Marie McCray makes her boyfriend work for every moment of her feet. And does he ever savour those bad boys...|2021-09-05 03:34:42|footsiebabes.com|https://videohotmovs.com/videos/10234923/footsiebabes-marie-mccray-s-man-would-do-anything-for-a-footjob/|Babe,Big Tits,Fetish,Foot Fetish,Footjob,Red Head||731|<iframe width="640" height="360" src="https://videohotmovs.com/embed/10234923/" frameborder="0" allowfullscreen webkitallowfullscreen mozallowfullscreen oallowfullscreen msallowfullscreen></iframe>|https://tn.hotmovs.com/contents/videos_screenshots/10234000/10234923/268x200/10.jpg|https://vp2.txxx.com/c12/videos/17591000/17591475/17591475_tr.mp4
10234921|Busty hostel babe pussy and ass fucked in bunk bed duo|Busty hostel babe pussy and ass fucked in bunk bed duo|2021-09-05 03:42:46|fakehub.com|https://videohotmovs.com/videos/10234921/busty-hostel-babe-pussy-and-ass-fucked-in-bunk-bed-duo/|Anal,Babe,Big Tits,Couple,Public,Toys||480|<iframe width="640" height="360" src="https://videohotmovs.com/embed/10234921/" frameborder="0" allowfullscreen webkitallowfullscreen mozallowfullscreen oallowfullscreen msallowfullscreen></iframe>|https://tn.hotmovs.com/contents/videos_screenshots/10234000/10234921/268x200/10.jpg|https://vp2.txxx.com/c12/videos/17591000/17591477/17591477_tr.mp4
10234917|GIRLSWAY Angela White Goes Hard And Rough With Kissa Sins|Angela White goes rough with her favorite babe Kissa Sins.|2021-09-05 03:44:58|girlsway.com|https://videohotmovs.com/videos/10234917/girlsway-angela-white-goes-hard-and-rough-with-kissa-sins/|Behind The Scenes,Big Tits,Fingering,Foot Fetish,Lesbian,MILF||736|<iframe width="640" height="360" src="https://videohotmovs.com/embed/10234917/" frameborder="0" allowfullscreen webkitallowfullscreen mozallowfullscreen oallowfullscreen msallowfullscreen></iframe>|https://tn.hotmovs.com/contents/videos_screenshots/10234000/10234917/268x200/10.jpg|https://vp2.txxx.com/c12/videos/17591000/17591479/17591479_tr.mp4
10234915|Lingerie teen poses for photoshoot|Big tittied lingerie clad petite teen poses for photoshoot while sucking lolly|2021-09-05 03:57:53|premiumgfs.com|https://videohotmovs.com/videos/10234915/lingerie-teen-poses-for-photoshoot/|Big Tits,Blonde,Lingerie,Teens||360|<iframe width="640" height="360" src="https://videohotmovs.com/embed/10234915/" frameborder="0" allowfullscreen webkitallowfullscreen mozallowfullscreen oallowfullscreen msallowfullscreen></iframe>|https://tn.hotmovs.com/contents/videos_screenshots/10234000/10234915/268x200/10.jpg|https://vp2.txxx.com/c12/videos/17591000/17591483/17591483_tr.mp4
10234913|Smalltits yoga babe squirts after cocksucking and pussyfuck|Smalltits yoga babe squirts after cocksucking and getting POV pussyfucked in missionary and cowgirl positions|2021-09-05 04:20:12|shesgonnasquirt.com|https://videohotmovs.com/videos/10234913/smalltits-yoga-babe-squirts-after-cocksucking-and-pussyfuck/|Blowjob,Cowgirl,Fingering,POV,Small Tits,Squirt||480|<iframe width="640" height="360" src="https://videohotmovs.com/embed/10234913/" frameborder="0" allowfullscreen webkitallowfullscreen mozallowfullscreen oallowfullscreen msallowfullscreen></iframe>|https://tn.hotmovs.com/contents/videos_screenshots/10234000/10234913/268x200/10.jpg|https://vp2.txxx.com/c12/videos/17591000/17591487/17591487_tr.mp4
10234801|Curvy gilf sucking before getting pounded from behind|Curvy gilf sucking before getting pounded from behind|2021-09-05 02:32:51|21sextreme.com|https://videohotmovs.com/videos/10234801/curvy-gilf-sucking-before-getting-pounded-from-behind/|Big Tits,Blowjob,Cowgirl,Doggystyle,Granny,Mature||385|<iframe width="640" height="360" src="https://videohotmovs.com/embed/10234801/" frameborder="0" allowfullscreen webkitallowfullscreen mozallowfullscreen oallowfullscreen msallowfullscreen></iframe>|https://tn.hotmovs.com/contents/videos_screenshots/10234000/10234801/268x200/10.jpg|https://vp2.txxx.com/c12/videos/17591000/17591459/17591459_tr.mp4
10234797|LEZ CUTIES - Slick Lesbian Beauties Slip Into Each Other's Assholes With Dildos|Gina Gerson, Lana Roy and Rebecca Volpetti make a ***-way massage look SO hot! And they end up trying anal? Now that's a treat!|2021-09-05 03:00:33|lezcuties.com|https://videohotmovs.com/videos/10234797/lez-cuties-slick-lesbian-beauties-slip-into-each-other-s-assholes-with-dildos/|Anal,Lesbian,Massage,Masturbation,Threesome||704|<iframe width="640" height="360" src="https://videohotmovs.com/embed/10234797/" frameborder="0" allowfullscreen webkitallowfullscreen mozallowfullscreen oallowfullscreen msallowfullscreen></iframe>|https://tn.hotmovs.com/contents/videos_screenshots/10234000/10234797/268x200/10.jpg|https://vp2.txxx.com/c12/videos/17591000/17591465/17591465_tr.mp4
10234795|Petite Girl Real Fuck Orgasm|Inserting her long fingers inside her cunt making her so wet. Dildo fucking bitch|2021-09-05 03:17:43|cam4free.com|https://videohotmovs.com/videos/10234795/petite-girl-real-fuck-orgasm/|Couple,Creampie,Cumshot||608|<iframe width="640" height="360" src="https://videohotmovs.com/embed/10234795/" frameborder="0" allowfullscreen webkitallowfullscreen mozallowfullscreen oallowfullscreen msallowfullscreen></iframe>|https://tn.hotmovs.com/contents/videos_screenshots/10234000/10234795/268x200/10.jpg|https://vp2.txxx.com/c12/videos/17591000/17591471/17591471_tr.mp4
10234649|ADULT TIME - Alison Rey Goes Between The Sheets with Lena Paul and Troy Francisco|Alison Rey pulls back the curtain on the day-to-day lives of industry legends. Today, Alison visits to famed performer Lena Paul and Troy Francisco...|2021-09-05 01:21:14|adulttime.com|https://videohotmovs.com/videos/10234649/adult-time-alison-rey-goes-between-the-sheets-with-lena-paul-and-troy-francisco/|Big Ass,Big Cock,Big Tits,Interracial,Pornstar||891|<iframe width="640" height="360" src="https://videohotmovs.com/embed/10234649/" frameborder="0" allowfullscreen webkitallowfullscreen mozallowfullscreen oallowfullscreen msallowfullscreen></iframe>|https://tn.hotmovs.com/contents/videos_screenshots/10234000/10234649/268x200/10.jpg|https://vp2.txxx.com/c12/videos/17591000/17591435/17591435_tr.mp4
10234645|Submissive slut squirts while sucking dom in kinky duo|Submissive slut squirts while sucking dom in kinky duo|2021-09-05 01:31:22|thetrainingofo.com|https://videohotmovs.com/videos/10234645/submissive-slut-squirts-while-sucking-dom-in-kinky-duo/|Babe,BDSM,Close-up,Masturbation,Squirt,Toys||361|<iframe width="640" height="360" src="https://videohotmovs.com/embed/10234645/" frameborder="0" allowfullscreen webkitallowfullscreen mozallowfullscreen oallowfullscreen msallowfullscreen></iframe>|https://tn.hotmovs.com/contents/videos_screenshots/10234000/10234645/268x200/10.jpg|https://vp2.txxx.com/c12/videos/17591000/17591437/17591437_tr.mp4
10234641|21 SEXTREME - Zuzu Sweet Takes Care Of Her Stepmom's Mature MILF Pussy|Zuzu Sweet would do ANYTHING to show her hot stepmom, Kathy, a good time! Lucky her!|2021-09-05 01:36:10|21sextreme.com|https://videohotmovs.com/videos/10234641/21-sextreme-zuzu-sweet-takes-care-of-her-stepmom-s-mature-milf-pussy/|Big Tits,Cougar,Lesbian,Mature,MILF||771|<iframe width="640" height="360" src="https://videohotmovs.com/embed/10234641/" frameborder="0" allowfullscreen webkitallowfullscreen mozallowfullscreen oallowfullscreen msallowfullscreen></iframe>|https://tn.hotmovs.com/contents/videos_screenshots/10234000/10234641/268x200/10.jpg|https://vp2.txxx.com/c12/videos/17591000/17591439/17591439_tr.mp4
10234637|Pretty teen BDSM loving sub anally fucked|Horny pretty teen BDSM loving sub getting anally fucked by her master|2021-09-05 01:36:49|assylum.com|https://videohotmovs.com/videos/10234637/pretty-teen-bdsm-loving-sub-anally-fucked/|Anal,BDSM,Fetish,Fingering,Lingerie,Teens||252|<iframe width="640" height="360" src="https://videohotmovs.com/embed/10234637/" frameborder="0" allowfullscreen webkitallowfullscreen mozallowfullscreen oallowfullscreen msallowfullscreen></iframe>|https://tn.hotmovs.com/contents/videos_screenshots/10234000/10234637/268x200/10.jpg|https://vp2.txxx.com/c12/videos/17591000/17591441/17591441_tr.mp4
10234633|Latina scared big cock will break ass in ***|Hot brunette latina amateur babe has tight pussy pounded and tries anal with big dick. For full latina scenes, visit LATINAFUCKTOUR|2021-09-05 01:45:58|latinafucktour.com|https://videohotmovs.com/videos/10234633/latina-scared-big-cock-will-break-ass-in/|Amateur,Big Cock,Blowjob,Doggystyle,Hardcore,Latina||421|<iframe width="640" height="360" src="https://videohotmovs.com/embed/10234633/" frameborder="0" allowfullscreen webkitallowfullscreen mozallowfullscreen oallowfullscreen msallowfullscreen></iframe>|https://tn.hotmovs.com/contents/videos_screenshots/10234000/10234633/268x200/10.jpg|https://vp2.txxx.com/c12/videos/17591000/17591445/17591445_tr.mp4
10234631|Luna Corazon Helps Big Dick Zaddy Destroy Submissive Babe's Gaping Hole|Erik Everhard and erotic photographer Luna Corazon do everything they can to capture Kiki Cyrus enjoying some anal. And does she ever love it...|2021-09-05 02:01:23|roccosiffredi.com|https://videohotmovs.com/videos/10234631/luna-corazon-helps-big-dick-zaddy-destroy-submissive-babe-s-gaping-hole/|Anal,BDSM,Ebony,Hardcore,Interracial,Threesome||742|<iframe width="640" height="360" src="https://videohotmovs.com/embed/10234631/" frameborder="0" allowfullscreen webkitallowfullscreen mozallowfullscreen oallowfullscreen msallowfullscreen></iframe>|https://tn.hotmovs.com/contents/videos_screenshots/10234000/10234631/268x200/10.jpg|https://vp2.txxx.com/c12/videos/17591000/17591451/17591451_tr.mp4
10234629|ADULT TIME - Hentai Sex University Prodigy Dominates Principal's Pussy For His Midterm Exam|Nathan Basic must fuck his principal for his practical midterm exam. Will he impress her?|2021-09-05 02:15:33|hentaisexschool.com|https://videohotmovs.com/videos/10234629/adult-time-hentai-sex-university-prodigy-dominates-principal-s-pussy-for-his-midterm-exam/|Big Tits,Cartoon,Public||227|<iframe width="640" height="360" src="https://videohotmovs.com/embed/10234629/" frameborder="0" allowfullscreen webkitallowfullscreen mozallowfullscreen oallowfullscreen msallowfullscreen></iframe>|https://tn.hotmovs.com/contents/videos_screenshots/10234000/10234629/268x200/10.jpg|https://vp2.txxx.com/c12/videos/17591000/17591457/17591457_tr.mp4
10234485|TRANSFIXED - Flirty Couple Wants To Repay Candice Kane With A Threesome|Michael DelRay and his girlfriend, April Olsen, must think of a way to help Candice Kane with her damaged car...|2021-09-05 00:50:52|transfixed.com|https://videohotmovs.com/videos/10234485/transfixed-flirty-couple-wants-to-repay-candice-kane-with-a-threesome/|Anal,Babe,Big Cock,Big Tits,Lingerie,Threesome||710|<iframe width="640" height="360" src="https://videohotmovs.com/embed/10234485/" frameborder="0" allowfullscreen webkitallowfullscreen mozallowfullscreen oallowfullscreen msallowfullscreen></iframe>|https://tn.hotmovs.com/contents/videos_screenshots/10234000/10234485/268x200/10.jpg|https://vp2.txxx.com/c12/videos/17591000/17591423/17591423_tr.mp4
10234483|Slut brunette college student ends party night with lucky nerd balls deep in her tight ass|College student comes back from party night out and finds herself craving an anal pounding from dorm lucky nerd. For full scene, visit FUCKMYJEANS|2021-09-05 00:54:19|fuckmyjeans.com|https://videohotmovs.com/videos/10234483/slut-brunette-college-student-ends-party-night-with-lucky-nerd-balls-deep-in-her-tight-ass/|Anal,Blowjob,Brunette,Hardcore||421|<iframe width="640" height="360" src="https://videohotmovs.com/embed/10234483/" frameborder="0" allowfullscreen webkitallowfullscreen mozallowfullscreen oallowfullscreen msallowfullscreen></iframe>|https://tn.hotmovs.com/contents/videos_screenshots/10234000/10234483/268x200/10.jpg|https://vp2.txxx.com/c12/videos/17591000/17591425/17591425_tr.mp4
10234479|21 SEXTURY - Perfect Lesbians Amanda Clarke and Monroe Fox Explore Anal With Sex Toys|Lesbian sex is always sooo hot! Amanda Clarke and Monroe Fox cannot WAIT to give it a go...|2021-09-05 01:00:46|21sextury.com|https://videohotmovs.com/videos/10234479/21-sextury-perfect-lesbians-amanda-clarke-and-monroe-fox-explore-anal-with-sex-toys/|Anal,Babe,Blonde,Fingering,Lesbian,Small Tits||782|<iframe width="640" height="360" src="https://videohotmovs.com/embed/10234479/" frameborder="0" allowfullscreen webkitallowfullscreen mozallowfullscreen oallowfullscreen msallowfullscreen></iframe>|https://tn.hotmovs.com/contents/videos_screenshots/10234000/10234479/268x200/10.jpg|https://vp2.txxx.com/c12/videos/17591000/17591429/17591429_tr.mp4
10234475|AllGirlMassage A Masseuse Peddler Tried Her Oils On My Pussy|Masseuse Diana Grace uses oils on Sofi Ryan, teasing her until having torrid sex.|2021-09-05 01:10:37|allgirlmassage.com|https://videohotmovs.com/videos/10234475/allgirlmassage-a-masseuse-peddler-tried-her-oils-on-my-pussy/|Big Ass,Big Tits,Lesbian,Lingerie,Massage,MILF||680|<iframe width="640" height="360" src="https://videohotmovs.com/embed/10234475/" frameborder="0" allowfullscreen webkitallowfullscreen mozallowfullscreen oallowfullscreen msallowfullscreen></iframe>|https://tn.hotmovs.com/contents/videos_screenshots/10234000/10234475/268x200/10.jpg|https://vp2.txxx.com/c12/videos/17591000/17591433/17591433_tr.mp4
10234383|Pulled ebony fucked in public before tugging and sucking|Pulled ebony fucked in public before tugging and sucking|2021-09-04 23:22:31|fakehub.com|https://videohotmovs.com/videos/10234383/pulled-ebony-fucked-in-public-before-tugging-and-sucking/|Blowjob,Ebony,Handjob,Piercing,POV,Public||480|<iframe width="640" height="360" src="https://videohotmovs.com/embed/10234383/" frameborder="0" allowfullscreen webkitallowfullscreen mozallowfullscreen oallowfullscreen msallowfullscreen></iframe>|https://tn.hotmovs.com/contents/videos_screenshots/10234000/10234383/268x200/10.jpg|https://vp2.txxx.com/c12/videos/17591000/17591407/17591407_tr.mp4
10234379|Babe Showing Off Her Body|Pretty babe who loves twerking is wearing a sexy suit that you is perfectly fits on her. She moves her hip and butt she twerk like a queen and starts to undress herself and gets her favorite sex toy|2021-09-04 23:29:31|cums.com|https://videohotmovs.com/videos/10234379/babe-showing-off-her-body/|Amateur,Babe,Masturbation||615|<iframe width="640" height="360" src="https://videohotmovs.com/embed/10234379/" frameborder="0" allowfullscreen webkitallowfullscreen mozallowfullscreen oallowfullscreen msallowfullscreen></iframe>|https://tn.hotmovs.com/contents/videos_screenshots/10234000/10234379/268x200/10.jpg|https://vp2.txxx.com/c12/videos/17591000/17591409/17591409_tr.mp4
10234375|Femdoms controlling submissive gimps with handjobs and bjs|Femdoms controlling submissive gimps with handjobs and bjs|2021-09-05 00:10:03|purecfnm.com|https://videohotmovs.com/videos/10234375/femdoms-controlling-submissive-gimps-with-handjobs-and-bjs/|Babe,Blowjob,British,CFNM,Femdom,Handjob||300|<iframe width="640" height="360" src="https://videohotmovs.com/embed/10234375/" frameborder="0" allowfullscreen webkitallowfullscreen mozallowfullscreen oallowfullscreen msallowfullscreen></iframe>|https://tn.hotmovs.com/contents/videos_screenshots/10234000/10234375/268x200/10.jpg|https://vp2.txxx.com/c12/videos/17591000/17591415/17591415_tr.mp4
10234373|Bad behaved teen gets gagged|Bad behaved restrained teen gets gagged with dildo and eats doms ass|2021-09-05 00:24:58|slavemouth.com|https://videohotmovs.com/videos/10234373/bad-behaved-teen-gets-gagged/|BDSM,Deepthroat,Fetish,Teens,Toys||252|<iframe width="640" height="360" src="https://videohotmovs.com/embed/10234373/" frameborder="0" allowfullscreen webkitallowfullscreen mozallowfullscreen oallowfullscreen msallowfullscreen></iframe>|https://tn.hotmovs.com/contents/videos_screenshots/10234000/10234373/268x200/10.jpg|https://vp2.txxx.com/c12/videos/17591000/17591417/17591417_tr.mp4
10234133|Busty office babe sucks boss cock before riding in office|Busty office babe sucks boss cock before riding in office|2021-09-04 21:22:41|sexyhub.com|https://videohotmovs.com/videos/10234133/busty-office-babe-sucks-boss-cock-before-riding-in-office/|Big Tits,Blowjob,Couple,Lingerie,Office,Stockings||480|<iframe width="640" height="360" src="https://videohotmovs.com/embed/10234133/" frameborder="0" allowfullscreen webkitallowfullscreen mozallowfullscreen oallowfullscreen msallowfullscreen></iframe>|https://tn.hotmovs.com/contents/videos_screenshots/10234000/10234133/268x200/10.jpg|https://vp2.txxx.com/c12/videos/17591000/17591401/17591401_tr.mp4
10234131|Lingerie voyeur encourages submissive bf to jerkoff|Lingerie voyeur encourages submissive bf to jerkoff|2021-09-04 22:41:09|ladyvoyeurs.com|https://videohotmovs.com/videos/10234131/lingerie-voyeur-encourages-submissive-bf-to-jerkoff/|British,Close-up,High Heels,Lingerie,Stockings,Voyeur||300|<iframe width="640" height="360" src="https://videohotmovs.com/embed/10234131/" frameborder="0" allowfullscreen webkitallowfullscreen mozallowfullscreen oallowfullscreen msallowfullscreen></iframe>|https://tn.hotmovs.com/contents/videos_screenshots/10234000/10234131/268x200/10.jpg|https://vp2.txxx.com/c12/videos/17591000/17591405/17591405_tr.mp4
10234121|Hotel gave me a complimentary african slut for last day of my business trip|Hot amateur ebony slut waiting in my room for hardcore black pussy pounding. For full interracial scene, visit AFRICANSEXTRIP|2021-09-04 20:17:07|africansextrip.com|https://videohotmovs.com/videos/10234121/hotel-gave-me-a-complimentary-african-slut-for-last-day-of-my-business-trip/|Amateur,Blowjob,Doggystyle,Ebony,Hardcore,Interracial||421|<iframe width="640" height="360" src="https://videohotmovs.com/embed/10234121/" frameborder="0" allowfullscreen webkitallowfullscreen mozallowfullscreen oallowfullscreen msallowfullscreen></iframe>|https://tn.hotmovs.com/contents/videos_screenshots/10234000/10234121/268x200/10.jpg|https://vp2.txxx.com/c12/videos/17591000/17591389/17591389_tr.mp4
10234117|First time massage for naive busty Japanese teen|First time massage for naive busty Japanese teen in revealing outfit soaked in oil is soon stripped for a thorough fingering to help remove excess toxins from her voluptuous body in HD with subtitles|2021-09-04 20:45:34|zenra.net|https://videohotmovs.com/videos/10234117/first-time-massage-for-naive-busty-japanese-teen/|Asian,Babe,Big Tits,Fingering,Japanese,JAV Censored,Massage,Teens||313|<iframe width="640" height="360" src="https://videohotmovs.com/embed/10234117/" frameborder="0" allowfullscreen webkitallowfullscreen mozallowfullscreen oallowfullscreen msallowfullscreen></iframe>|https://tn.hotmovs.com/contents/videos_screenshots/10234000/10234117/268x200/10.jpg|https://vp2.txxx.com/c12/videos/17591000/17591393/17591393_tr.mp4
10234113|Gym babe riding personal trainer after erotic workout|Gym babe riding personal trainer after erotic workout|2021-09-04 20:57:51|sexyhub.com|https://videohotmovs.com/videos/10234113/gym-babe-riding-personal-trainer-after-erotic-workout/|Babe,Blowjob,Doggystyle,Gym,Nipples||300|<iframe width="640" height="360" src="https://videohotmovs.com/embed/10234113/" frameborder="0" allowfullscreen webkitallowfullscreen mozallowfullscreen oallowfullscreen msallowfullscreen></iframe>|https://tn.hotmovs.com/contents/videos_screenshots/10234000/10234113/268x200/10.jpg|https://vp2.txxx.com/c12/videos/17591000/17591395/17591395_tr.mp4
10233879|Latina girlfriend deep anal surprise riding|Alternative latina hot babe wants her BF cock rough fucking her balls deep in her tight ass. For more latina scenes, visit LATINAFUCKTOUR|2021-09-04 20:06:09|latinafucktour.com|https://videohotmovs.com/videos/10233879/latina-girlfriend-deep-anal-surprise-riding/|Amateur,Big Cock,Hardcore,Latina,Red Head,Skinny||181|<iframe width="640" height="360" src="https://videohotmovs.com/embed/10233879/" frameborder="0" allowfullscreen webkitallowfullscreen mozallowfullscreen oallowfullscreen msallowfullscreen></iframe>|https://tn.hotmovs.com/contents/videos_screenshots/10233000/10233879/268x200/10.jpg|https://vp2.txxx.com/c12/videos/17591000/17591387/17591387_tr.mp4
10233767|GRANNYLOVESBLACK - BBC Busts Massive Load On Grannys Face|Lacey's stylist has a load of jizz waiting to be all over her face.|2021-09-04 15:25:18|grannylovesblack.com|https://videohotmovs.com/videos/10233767/grannylovesblack-bbc-busts-massive-load-on-grannys-face/|Big Cock,Blowjob,Cumshot,Doggystyle,Granny,Interracial||612|<iframe width="640" height="360" src="https://videohotmovs.com/embed/10233767/" frameborder="0" allowfullscreen webkitallowfullscreen mozallowfullscreen oallowfullscreen msallowfullscreen></iframe>|https://tn.hotmovs.com/contents/videos_screenshots/10233000/10233767/268x200/10.jpg|https://vp2.txxx.com/c12/videos/17591000/17591327/17591327_tr.mp4
10233765|Lesbian milf licks feet and pussy in duo before facesitting|Lesbian milf licks feet and pussy in duo before facesitting|2021-09-04 18:30:45|addicted2girls.com|https://videohotmovs.com/videos/10233765/lesbian-milf-licks-feet-and-pussy-in-duo-before-facesitting/|Babe,Couple,Foot Fetish,Lesbian,Lingerie,MILF||375|<iframe width="640" height="360" src="https://videohotmovs.com/embed/10233765/" frameborder="0" allowfullscreen webkitallowfullscreen mozallowfullscreen oallowfullscreen msallowfullscreen></iframe>|https://tn.hotmovs.com/contents/videos_screenshots/10233000/10233765/268x200/10.jpg|https://vp2.txxx.com/c12/videos/17591000/17591369/17591369_tr.mp4
10233657|PHILAVISE-Abby Lee Brazil comes to Philadelphia|Watch the full video with Abby Lee Brazil and Patrick Delphia now up at ***|2021-09-04 16:53:05|philavise.com|https://videohotmovs.com/videos/10233657/philavise-abby-lee-brazil-comes-to-philadelphia/|Big Ass,Latina,Masturbation||675|<iframe width="640" height="360" src="https://videohotmovs.com/embed/10233657/" frameborder="0" allowfullscreen webkitallowfullscreen mozallowfullscreen oallowfullscreen msallowfullscreen></iframe>|https://tn.hotmovs.com/contents/videos_screenshots/10233000/10233657/268x200/10.jpg|https://vp2.txxx.com/c12/videos/17591000/17591345/17591345_tr.mp4
10233653|DP babe double penetrated in threeway before skiing|DP babe double penetrated in threeway before skiing|2021-09-04 17:28:22|21sextury.com|https://videohotmovs.com/videos/10233653/dp-babe-double-penetrated-in-threeway-before-skiing/|Anal,Babe,Double Penetration,Handjob,Lingerie,Threesome||375|<iframe width="640" height="360" src="https://videohotmovs.com/embed/10233653/" frameborder="0" allowfullscreen webkitallowfullscreen mozallowfullscreen oallowfullscreen msallowfullscreen></iframe>|https://tn.hotmovs.com/contents/videos_screenshots/10233000/10233653/268x200/10.jpg|https://vp2.txxx.com/c12/videos/17591000/17591351/17591351_tr.mp4
10233651|Girl Passionate Sucking Dildo|Busty cam girl sucking her dildo before she masturbates. Hot babe gives her viewers the pleasure they want as she masturbates and fucks her pussy using her favorite toys.|2021-09-04 18:13:59|cums.com|https://videohotmovs.com/videos/10233651/girl-passionate-sucking-dildo/|Amateur,Babe,Masturbation||614|<iframe width="640" height="360" src="https://videohotmovs.com/embed/10233651/" frameborder="0" allowfullscreen webkitallowfullscreen mozallowfullscreen oallowfullscreen msallowfullscreen></iframe>|https://tn.hotmovs.com/contents/videos_screenshots/10233000/10233651/268x200/10.jpg|https://vp2.txxx.com/c12/videos/17591000/17591363/17591363_tr.mp4
10233647|Alien sex! A hot super blonde gets fucked by Anubis on the exoplanet|Alien sex! A hot super blonde gets fucked by Anubis on the exoplanet|2021-09-04 18:17:27|3dxpassion.com|https://videohotmovs.com/videos/10233647/alien-sex-a-hot-super-blonde-gets-fucked-by-anubis-on-the-exoplanet/|Anal,Big Cock,Cartoon,Cowgirl,Deepthroat,Doggystyle,Hardcore,Slave,Teens||280|<iframe width="640" height="360" src="https://videohotmovs.com/embed/10233647/" frameborder="0" allowfullscreen webkitallowfullscreen mozallowfullscreen oallowfullscreen msallowfullscreen></iframe>|https://tn.hotmovs.com/contents/videos_screenshots/10233000/10233647/268x200/10.jpg|https://vp2.txxx.com/c12/videos/17591000/17591365/17591365_tr.mp4
10233403|Getting a blowjob in POV before shagging her||2021-09-04 15:02:27|lovehomeporn.com|https://videohotmovs.com/videos/10233403/getting-a-blowjob-in-pov-before-shagging-her/|Amateur,Asian,Blowjob,Cumshot,Hairy,Hardcore||1956|<iframe width="640" height="360" src="https://videohotmovs.com/embed/10233403/" frameborder="0" allowfullscreen webkitallowfullscreen mozallowfullscreen oallowfullscreen msallowfullscreen></iframe>|https://tn.hotmovs.com/contents/videos_screenshots/10233000/10233403/268x200/10.jpg|https://vp2.txxx.com/c12/videos/17591000/17591325/17591325_tr.mp4
10233401|Uniformed cfnm dommes wanking worthless sub in group|Uniformed cfnm dommes wanking worthless sub in group|2021-09-04 15:36:22|purecfnm.com|https://videohotmovs.com/videos/10233401/uniformed-cfnm-dommes-wanking-worthless-sub-in-group/|Babe,British,CFNM,Femdom,Group Sex,Handjob||300|<iframe width="640" height="360" src="https://videohotmovs.com/embed/10233401/" frameborder="0" allowfullscreen webkitallowfullscreen mozallowfullscreen oallowfullscreen msallowfullscreen></iframe>|https://tn.hotmovs.com/contents/videos_screenshots/10233000/10233401/268x200/10.jpg|https://vp2.txxx.com/c12/videos/17591000/17591331/17591331_tr.mp4
10233305|Skinny Black Amateur Teen Fucks White Casting Agent|Juicy ebony amateur teen gets a hard pounding from behind in interracial amateur casting. For full scene with facial, visit AFRICANCASTING|2021-09-04 14:32:06|africancasting.com|https://videohotmovs.com/videos/10233305/skinny-black-amateur-teen-fucks-white-casting-agent/|Big Cock,Big Tits,Casting,Ebony,Interracial,Teens||421|<iframe width="640" height="360" src="https://videohotmovs.com/embed/10233305/" frameborder="0" allowfullscreen webkitallowfullscreen mozallowfullscreen oallowfullscreen msallowfullscreen></iframe>|https://tn.hotmovs.com/contents/videos_screenshots/10233000/10233305/268x200/10.jpg|https://vp2.txxx.com/c12/videos/17591000/17591315/17591315_tr.mp4
10233303|ED POWERS - More Dirty Debutantes - Torrie|Dirty Debutant Torrie takes a heavy pounding and a facial!|2021-09-04 14:38:54|edpowers.com|https://videohotmovs.com/videos/10233303/ed-powers-more-dirty-debutantes-torrie/|Blowjob,Cumshot,Doggystyle,Facial,Vintage||612|<iframe width="640" height="360" src="https://videohotmovs.com/embed/10233303/" frameborder="0" allowfullscreen webkitallowfullscreen mozallowfullscreen oallowfullscreen msallowfullscreen></iframe>|https://tn.hotmovs.com/contents/videos_screenshots/10233000/10233303/268x200/10.jpg|https://vp2.txxx.com/c12/videos/17591000/17591317/17591317_tr.mp4
10233187|August Ames drills husbands best friend huge BBC|August Ames meeting husbands best friend Isiah Maxwell, and she has a secret desire for tall dark and handsom. AKA a big black cock.|2021-09-04 14:13:26|downforbbc.com|https://videohotmovs.com/videos/10233187/august-ames-drills-husbands-best-friend-huge-bbc/|Babe,Big Cock,Big Tits,Blowjob,Brunette,Doggystyle,Interracial,POV,Shaved,Wife||480|<iframe width="640" height="360" src="https://videohotmovs.com/embed/10233187/" frameborder="0" allowfullscreen webkitallowfullscreen mozallowfullscreen oallowfullscreen msallowfullscreen></iframe>|https://tn.hotmovs.com/contents/videos_screenshots/10233000/10233187/268x200/10.jpg|https://vp2.txxx.com/c12/videos/17591000/17591307/17591307_tr.mp4
10233185|Foot model rimmed and assfucked before ass to mouth in duo|Foot model rimmed and assfucked before ass to mouth in duo|2021-09-04 14:27:53|adulttime.com|https://videohotmovs.com/videos/10233185/foot-model-rimmed-and-assfucked-before-ass-to-mouth-in-duo/|Anal,Babe,Blowjob,Facial,Foot Fetish||375|<iframe width="640" height="360" src="https://videohotmovs.com/embed/10233185/" frameborder="0" allowfullscreen webkitallowfullscreen mozallowfullscreen oallowfullscreen msallowfullscreen></iframe>|https://tn.hotmovs.com/contents/videos_screenshots/10233000/10233185/268x200/10.jpg|https://vp2.txxx.com/c12/videos/17591000/17591313/17591313_tr.mp4
10233179|Curvy babe squirts while toying and fingering shaved vagina|Curvylicious babe squirts in solo action while toying and fingering her shaved vagina indoors|2021-09-04 13:41:59|shesgonnasquirt.com|https://videohotmovs.com/videos/10233179/curvy-babe-squirts-while-toying-and-fingering-shaved-vagina/|Babe,Fingering,Masturbation,Solo Female,Squirt,Toys||480|<iframe width="640" height="360" src="https://videohotmovs.com/embed/10233179/" frameborder="0" allowfullscreen webkitallowfullscreen mozallowfullscreen oallowfullscreen msallowfullscreen></iframe>|https://tn.hotmovs.com/contents/videos_screenshots/10233000/10233179/268x200/10.jpg|https://vp2.txxx.com/c12/videos/17591000/17591299/17591299_tr.mp4
10233061|Hostel babes sucking roommate in bunkbed trio before sex|Hostel babes sucking roommate in bunkbed trio before sex|2021-09-04 12:42:23|fakehub.com|https://videohotmovs.com/videos/10233061/hostel-babes-sucking-roommate-in-bunkbed-trio-before-sex/|Babe,Big Tits,Blowjob,Public,Tattoo,Threesome||480|<iframe width="640" height="360" src="https://videohotmovs.com/embed/10233061/" frameborder="0" allowfullscreen webkitallowfullscreen mozallowfullscreen oallowfullscreen msallowfullscreen></iframe>|https://tn.hotmovs.com/contents/videos_screenshots/10233000/10233061/268x200/10.jpg|https://vp2.txxx.com/c12/videos/17591000/17591217/17591217_tr.mp4
10233057|BRUCE SEVEN - Twisted Neighbors - Eden is on her Knees|Twisted Neighbors - Eden is on her knees, bent over and bound tight!|2021-09-04 12:50:13|brucesevenfilms.com|https://videohotmovs.com/videos/10233057/bruce-seven-twisted-neighbors-eden-is-on-her-knees/|BDSM,Spanking,Toys,Vintage||612|<iframe width="640" height="360" src="https://videohotmovs.com/embed/10233057/" frameborder="0" allowfullscreen webkitallowfullscreen mozallowfullscreen oallowfullscreen msallowfullscreen></iframe>|https://tn.hotmovs.com/contents/videos_screenshots/10233000/10233057/268x200/10.jpg|https://vp2.txxx.com/c12/videos/17591000/17591277/17591277_tr.mp4
10232943|british milf at anal hardcore threesome mmf|*** - Here a woman finds thee. The first erotic community where normal women ask men for a sex date. Try it for free|2021-09-04 11:08:06|erotik-von-nebenan.com|https://videohotmovs.com/videos/10232943/british-milf-at-anal-hardcore-threesome-mmf/|Amateur,Anal,British,Brunette,MILF,Teens,Threesome||1769|<iframe width="640" height="360" src="https://videohotmovs.com/embed/10232943/" frameborder="0" allowfullscreen webkitallowfullscreen mozallowfullscreen oallowfullscreen msallowfullscreen></iframe>|https://tn.hotmovs.com/contents/videos_screenshots/10232000/10232943/268x200/10.jpg|https://vp2.txxx.com/c12/videos/17591000/17591195/17591195_tr.mp4
10232941|German normal girl next door little chubby try first porn|*** - Hier findet Dich eine Frau. Die erste Erotik Community in der normale Frauen Maenner nach einem Sexdate fragen. Kostenlos ausprobieren|2021-09-04 11:08:09|erotik-von-nebenan.com|https://videohotmovs.com/videos/10232941/german-normal-girl-next-door-little-chubby-try-first-porn/|Amateur,Brunette,Casting,Couple,German,Teens||1109|<iframe width="640" height="360" src="https://videohotmovs.com/embed/10232941/" frameborder="0" allowfullscreen webkitallowfullscreen mozallowfullscreen oallowfullscreen msallowfullscreen></iframe>|https://tn.hotmovs.com/contents/videos_screenshots/10232000/10232941/268x200/10.jpg|https://vp2.txxx.com/c12/videos/17591000/17591197/17591197_tr.mp4
10232791|Bikini babe spit roast outdoors|Horny slutty bikini babe spit roast outdoors leads to bukkake cum cover|2021-09-04 09:52:27|fuckedupgfs.com|https://videohotmovs.com/videos/10232791/bikini-babe-spit-roast-outdoors/|Bukkake,Cowgirl,Cumshot,Facial,Threesome||360|<iframe width="640" height="360" src="https://videohotmovs.com/embed/10232791/" frameborder="0" allowfullscreen webkitallowfullscreen mozallowfullscreen oallowfullscreen msallowfullscreen></iframe>|https://tn.hotmovs.com/contents/videos_screenshots/10232000/10232791/268x200/10.jpg|https://vp2.txxx.com/c12/videos/17591000/17591177/17591177_tr.mp4
10232789|amateur sex on street with german skinny blonde teen|Wusstest du das du bei *** kostenfrei 100 prozent private Frauen aus deiner Naehe anzeigen lassen kannst die auf der Suche nach ECHTEN SEXTREFFEN sind ?|2021-09-04 10:02:49|erotik-von-nebenan.com|https://videohotmovs.com/videos/10232789/amateur-sex-on-street-with-german-skinny-blonde-teen/|Amateur,Blonde,German,Public,Small Tits,Teens||1218|<iframe width="640" height="360" src="https://videohotmovs.com/embed/10232789/" frameborder="0" allowfullscreen webkitallowfullscreen mozallowfullscreen oallowfullscreen msallowfullscreen></iframe>|https://tn.hotmovs.com/contents/videos_screenshots/10232000/10232789/268x200/10.jpg|https://vp2.txxx.com/c12/videos/17591000/17591179/17591179_tr.mp4
10232787|Sloppy Facefucking For Cute Amateur|Amateur Martina Deep Throats To The Balls|2021-09-04 10:34:07|facialabuse.com|https://videohotmovs.com/videos/10232787/sloppy-facefucking-for-cute-amateur/|Amateur,Big Cock,Blowjob,Brunette,Deepthroat,Handjob,Latina||240|<iframe width="640" height="360" src="https://videohotmovs.com/embed/10232787/" frameborder="0" allowfullscreen webkitallowfullscreen mozallowfullscreen oallowfullscreen msallowfullscreen></iframe>|https://tn.hotmovs.com/contents/videos_screenshots/10232000/10232787/268x200/10.jpg|https://vp2.txxx.com/c12/videos/17591000/17591181/17591181_tr.mp4
10232785|Hot Blonde Pleasures Her Wet Pussy|Never miss to watch and subscribe in this slutty blonde dancing and|2021-09-04 10:41:00|cam4free.com|https://videohotmovs.com/videos/10232785/hot-blonde-pleasures-her-wet-pussy/|Big Nipples,Cumshot,Masturbation||608|<iframe width="640" height="360" src="https://videohotmovs.com/embed/10232785/" frameborder="0" allowfullscreen webkitallowfullscreen mozallowfullscreen oallowfullscreen msallowfullscreen></iframe>|https://tn.hotmovs.com/contents/videos_screenshots/10232000/10232785/268x200/10.jpg|https://vp2.txxx.com/c12/videos/17591000/17591185/17591185_tr.mp4
10232783|Cheerleader babe pussy rammed|Bukkake loving cheerleader babe pussy rammed in reverse cowgirl and asshole|2021-09-04 10:47:39|fuckedupgfs.com|https://videohotmovs.com/videos/10232783/cheerleader-babe-pussy-rammed/|Blonde,Bukkake,Facial,Teens||360|<iframe width="640" height="360" src="https://videohotmovs.com/embed/10232783/" frameborder="0" allowfullscreen webkitallowfullscreen mozallowfullscreen oallowfullscreen msallowfullscreen></iframe>|https://tn.hotmovs.com/contents/videos_screenshots/10232000/10232783/268x200/10.jpg|https://vp2.txxx.com/c12/videos/17591000/17591193/17591193_tr.mp4
10232755|LUKE HARDY - Lady Sextacy is back again in a role play POV|Lady Sextacy is back again. This time in a role play POV where she's a counselor to help build my confidence and comfort in sex because I'm a younger student.|2021-09-04 11:14:43|lukehardyxxx.com|https://videohotmovs.com/videos/10232755/luke-hardy-lady-sextacy-is-back-again-in-a-role-play-pov/|Blonde,Blowjob,Granny,POV,Small Tits,Tattoo||360|<iframe width="640" height="360" src="https://videohotmovs.com/embed/10232755/" frameborder="0" allowfullscreen webkitallowfullscreen mozallowfullscreen oallowfullscreen msallowfullscreen></iframe>|https://tn.hotmovs.com/contents/videos_screenshots/10232000/10232755/268x200/10.jpg|https://vp2.txxx.com/c12/videos/17591000/17591203/17591203_tr.mp4
10232549|Two Tranny Hotties Suck Cock and Masturbate|This playful couple gets playful and kinky with one another The sexy tranny deepthroats and almost gags on the dick inside her mouth This is a blowjob webcam show that you sure dont want to miss|2021-09-04 08:16:12|shecams.com|https://videohotmovs.com/videos/10232549/two-tranny-hotties-suck-cock-and-masturbate/|Shemale Blowjob,Shemale Masturbation,Shemale Webcam||630|<iframe width="640" height="360" src="https://videohotmovs.com/embed/10232549/" frameborder="0" allowfullscreen webkitallowfullscreen mozallowfullscreen oallowfullscreen msallowfullscreen></iframe>|https://tn.hotmovs.com/contents/videos_screenshots/10232000/10232549/268x200/10.jpg|https://vp2.txxx.com/c12/videos/17591000/17591147/17591147_tr.mp4
10232547|VIXEN Alone of vacay, sexy Freya finds a new distraction|It might seem like paradise, but Freya is caught in a storm her boyfriend couldnt make the cruise, and she cant help feeling an attraction to another passengers man.|2021-09-04 08:26:32|vixen.com|https://videohotmovs.com/videos/10232547/vixen-alone-of-vacay-sexy-freya-finds-a-new-distraction/|Blonde,Blowjob,Deepthroat,Doggystyle,Facial,HD||721|<iframe width="640" height="360" src="https://videohotmovs.com/embed/10232547/" frameborder="0" allowfullscreen webkitallowfullscreen mozallowfullscreen oallowfullscreen msallowfullscreen></iframe>|https://tn.hotmovs.com/contents/videos_screenshots/10232000/10232547/268x200/10.jpg|https://vp2.txxx.com/c12/videos/17591000/17591157/17591157_tr.mp4
10232545|LACEYSTARR - Sucking Off My New Fuck Buddy|Watch Granny Lacey Starr as she sucks off her new toy|2021-09-04 08:33:32|laceystarr.com|https://videohotmovs.com/videos/10232545/laceystarr-sucking-off-my-new-fuck-buddy/|BBW,Big Tits,Blonde,Blowjob,Granny,Mature||612|<iframe width="640" height="360" src="https://videohotmovs.com/embed/10232545/" frameborder="0" allowfullscreen webkitallowfullscreen mozallowfullscreen oallowfullscreen msallowfullscreen></iframe>|https://tn.hotmovs.com/contents/videos_screenshots/10232000/10232545/268x200/10.jpg|https://vp2.txxx.com/c12/videos/17591000/17591159/17591159_tr.mp4
10232543|Petite bdsm femdom spanked and whipped by her masters|Petite bdsm femdom spanked and whipped by her masters|2021-09-04 09:01:55|thetrainingofo.com|https://videohotmovs.com/videos/10232543/petite-bdsm-femdom-spanked-and-whipped-by-her-masters/|Babe,BDSM,Fetish,Spanking||361|<iframe width="640" height="360" src="https://videohotmovs.com/embed/10232543/" frameborder="0" allowfullscreen webkitallowfullscreen mozallowfullscreen oallowfullscreen msallowfullscreen></iframe>|https://tn.hotmovs.com/contents/videos_screenshots/10232000/10232543/268x200/10.jpg|https://vp2.txxx.com/c12/videos/17591000/17591169/17591169_tr.mp4
10232541|Fetish teen cum drenched in bukkake scene|Hot petite fetish teen cum drenched in bukkake scene after sucking and fucking|2021-09-04 09:06:34|fuckedupgfs.com|https://videohotmovs.com/videos/10232541/fetish-teen-cum-drenched-in-bukkake-scene/|Blowjob,Bukkake,Cumshot,Facial,Group Sex,Teens||360|<iframe width="640" height="360" src="https://videohotmovs.com/embed/10232541/" frameborder="0" allowfullscreen webkitallowfullscreen mozallowfullscreen oallowfullscreen msallowfullscreen></iframe>|https://tn.hotmovs.com/contents/videos_screenshots/10232000/10232541/268x200/10.jpg|https://vp2.txxx.com/c12/videos/17591000/17591173/17591173_tr.mp4
10232309|ADULT TIME - MILF Silvia Saige Secretly Smashes Sound Guy Charles Dera|Charles Dera is irresistible when he takes his shirt off! No wonder Silvia Sage wants to seduce him into sex...|2021-09-04 06:14:21|adulttime.com|https://videohotmovs.com/videos/10232309/adult-time-milf-silvia-saige-secretly-smashes-sound-guy-charles-dera/|Big Tits,Blowjob,Cowgirl,Facial,MILF,Swallow Cum||741|<iframe width="640" height="360" src="https://videohotmovs.com/embed/10232309/" frameborder="0" allowfullscreen webkitallowfullscreen mozallowfullscreen oallowfullscreen msallowfullscreen></iframe>|https://tn.hotmovs.com/contents/videos_screenshots/10232000/10232309/268x200/10.jpg|https://vp2.txxx.com/c12/videos/17591000/17591131/17591131_tr.mp4
10232307|Wrestling dykes erotically battle in erotic bdsm ring|Wrestling dykes erotically battle in erotic bdsm ring|2021-09-04 06:20:40|ultimatesurrender.com|https://videohotmovs.com/videos/10232307/wrestling-dykes-erotically-battle-in-erotic-bdsm-ring/|BDSM,Big Tits,Fingering,Lesbian,Piercing,Tattoo||361|<iframe width="640" height="360" src="https://videohotmovs.com/embed/10232307/" frameborder="0" allowfullscreen webkitallowfullscreen mozallowfullscreen oallowfullscreen msallowfullscreen></iframe>|https://tn.hotmovs.com/contents/videos_screenshots/10232000/10232307/268x200/10.jpg|https://vp2.txxx.com/c12/videos/17591000/17591133/17591133_tr.mp4
10232093|Stepsister gets her pussy fucked in the shower||2021-09-04 04:02:04|lovehomeporn.com|https://videohotmovs.com/videos/10232093/stepsister-gets-her-pussy-fucked-in-the-shower/|Amateur,Blowjob,Doggystyle,Hardcore,Shower||1092|<iframe width="640" height="360" src="https://videohotmovs.com/embed/10232093/" frameborder="0" allowfullscreen webkitallowfullscreen mozallowfullscreen oallowfullscreen msallowfullscreen></iframe>|https://tn.hotmovs.com/contents/videos_screenshots/10232000/10232093/268x200/10.jpg|https://vp2.txxx.com/c12/videos/17591000/17591093/17591093_tr.mp4
10232059|Busty bukkake babe getting mutliple facials|Doggystyled busty bukkake babe getting mutliple facials after hard fucking|2021-09-04 04:33:01|fuckedupgfs.com|https://videohotmovs.com/videos/10232059/busty-bukkake-babe-getting-mutliple-facials/|Babe,Bukkake,Doggystyle,Facial,Fetish,Pornstar||360|<iframe width="640" height="360" src="https://videohotmovs.com/embed/10232059/" frameborder="0" allowfullscreen webkitallowfullscreen mozallowfullscreen oallowfullscreen msallowfullscreen></iframe>|https://tn.hotmovs.com/contents/videos_screenshots/10232000/10232059/268x200/10.jpg|https://vp2.txxx.com/c12/videos/17591000/17591115/17591115_tr.mp4
10231957|Sexy teen pussy fucked hard and deep|Bukkake drenched sexy teen pussy fucked hard and deep in reverse cowgirl|2021-09-04 03:27:15|fuckedupgfs.com|https://videohotmovs.com/videos/10231957/sexy-teen-pussy-fucked-hard-and-deep/|Blowjob,Bukkake,Cumshot,Facial,Teens||360|<iframe width="640" height="360" src="https://videohotmovs.com/embed/10231957/" frameborder="0" allowfullscreen webkitallowfullscreen mozallowfullscreen oallowfullscreen msallowfullscreen></iframe>|https://tn.hotmovs.com/contents/videos_screenshots/10231000/10231957/268x200/10.jpg|https://vp2.txxx.com/c12/videos/17591000/17591049/17591049_tr.mp4
10231823|MommysGirl My Busty Stepmom Reagan Foxx Is Horny COMPILATION|A Compilation of lesbian scenes starring Lena Paul, Reagan Foxx, Anya Olsen, Eliza Jane, and Scarlett Sage.|2021-09-04 01:23:26|mommysgirl.com|https://videohotmovs.com/videos/10231823/mommysgirl-my-busty-stepmom-reagan-foxx-is-horny-compilation/|Big Tits,Compilation,Lesbian,MILF||2893|<iframe width="640" height="360" src="https://videohotmovs.com/embed/10231823/" frameborder="0" allowfullscreen webkitallowfullscreen mozallowfullscreen oallowfullscreen msallowfullscreen></iframe>|https://tn.hotmovs.com/contents/videos_screenshots/10231000/10231823/268x200/10.jpg|https://vp2.txxx.com/c12/videos/17590000/17590819/17590819_tr.mp4
10231821|Rocco Siffredi Big Booty Kiara Lord Deepthroats Cock WHOLE During POV Casting!|Kiara Lord is so happy to finally be in one of Rocco's casting videos! She hears his cock tastes sooooo good...|2021-09-04 01:59:58|roccosiffredi.com|https://videohotmovs.com/videos/10231821/rocco-siffredi-big-booty-kiara-lord-deepthroats-cock-whole-during-pov-casting/|Big Tits,Blowjob,Deepthroat,Handjob,POV,Red Head||694|<iframe width="640" height="360" src="https://videohotmovs.com/embed/10231821/" frameborder="0" allowfullscreen webkitallowfullscreen mozallowfullscreen oallowfullscreen msallowfullscreen></iframe>|https://tn.hotmovs.com/contents/videos_screenshots/10231000/10231821/268x200/10.jpg|https://vp2.txxx.com/c12/videos/17590000/17590821/17590821_tr.mp4
10231819|British milf tit fucking and riding|British milf tit fucking and riding cock and giving blowjob|2021-09-04 02:02:38|laceystarr.com|https://videohotmovs.com/videos/10231819/british-milf-tit-fucking-and-riding/|Blowjob,Granny,Handjob,Hardcore,Mature||720|<iframe width="640" height="360" src="https://videohotmovs.com/embed/10231819/" frameborder="0" allowfullscreen webkitallowfullscreen mozallowfullscreen oallowfullscreen msallowfullscreen></iframe>|https://tn.hotmovs.com/contents/videos_screenshots/10231000/10231819/268x200/10.jpg|https://vp2.txxx.com/c12/videos/17590000/17590825/17590825_tr.mp4
10231815|21 SEXTREME - Lusty GILF Christine White Wishes For Cock During Her Spa Day|Christine White would practically orgasm on the SPOT if she received a massage from a big, muscular dude like Mugur! I guess today is her lucky day!|2021-09-04 02:10:19|21sextreme.com|https://videohotmovs.com/videos/10231815/21-sextreme-lusty-gilf-christine-white-wishes-for-cock-during-her-spa-day/|Big Ass,Fingering,Granny,Hairy,Massage,MILF||766|<iframe width="640" height="360" src="https://videohotmovs.com/embed/10231815/" frameborder="0" allowfullscreen webkitallowfullscreen mozallowfullscreen oallowfullscreen msallowfullscreen></iframe>|https://tn.hotmovs.com/contents/videos_screenshots/10231000/10231815/268x200/10.jpg|https://vp2.txxx.com/c12/videos/17590000/17590827/17590827_tr.mp4
10231813|MommysGirl Busty Step-MILF Fingers Hard Both Stepdaughters|Kitten Latenight fingers hard both stepdaughters Kimmy Kimm and Clara Trinity at the same time.|2021-09-04 02:21:23|mommysgirl.com|https://videohotmovs.com/videos/10231813/mommysgirl-busty-step-milf-fingers-hard-both-stepdaughters/|Big Ass,Fingering,Lesbian,MILF,Teens,Threesome||775|<iframe width="640" height="360" src="https://videohotmovs.com/embed/10231813/" frameborder="0" allowfullscreen webkitallowfullscreen mozallowfullscreen oallowfullscreen msallowfullscreen></iframe>|https://tn.hotmovs.com/contents/videos_screenshots/10231000/10231813/268x200/10.jpg|https://vp2.txxx.com/c12/videos/17590000/17590831/17590831_tr.mp4
10231811|21 NATURALS - Kinky Cutie Angel Rivas Has Been Waiting Anal All Day!|Angel Rivas goes on an awesome date with her boyfriend, Charlie Dean. And what do all great dates have? ANAL!|2021-09-04 02:45:23|21naturals.com|https://videohotmovs.com/videos/10231811/21-naturals-kinky-cutie-angel-rivas-has-been-waiting-anal-all-day/|Anal,Babe,Blonde,Blowjob,Cowgirl,Doggystyle||716|<iframe width="640" height="360" src="https://videohotmovs.com/embed/10231811/" frameborder="0" allowfullscreen webkitallowfullscreen mozallowfullscreen oallowfullscreen msallowfullscreen></iframe>|https://tn.hotmovs.com/contents/videos_screenshots/10231000/10231811/268x200/10.jpg|https://vp2.txxx.com/c12/videos/17590000/17590839/17590839_tr.mp4
10231809|Foot worshipping sub teen gets ass banged|Amorous foot worshipping sub teen gets ass banged and likes it rough|2021-09-04 02:57:40|assylum.com|https://videohotmovs.com/videos/10231809/foot-worshipping-sub-teen-gets-ass-banged/|Anal,BDSM,Fetish,Foot Fetish,Teens||252|<iframe width="640" height="360" src="https://videohotmovs.com/embed/10231809/" frameborder="0" allowfullscreen webkitallowfullscreen mozallowfullscreen oallowfullscreen msallowfullscreen></iframe>|https://tn.hotmovs.com/contents/videos_screenshots/10231000/10231809/268x200/10.jpg|https://vp2.txxx.com/c12/videos/17590000/17590847/17590847_tr.mp4
